Métrica	Seq. Aleat.	Seq. Ord.	Seq. Inv.	B. Binária	ABB Aleat.	ABB Ord.	ABB Inv.	AVL Aleat.	AVL Ord.	AVL Inv.
N máximo	1981873	1981873	1981873	1981873	1981873	24717	20427	1981873	1981873	1981873
Comp max	84665	84502	84494	11	14	1635	1389	11	11	11
t ms	6987.092549	1447.237796	1367.410881	1.346687	1.596999	32.680571	54.384480	0.870847	1.024614	1.007562
Área t	91427476143.297531	17300085720.922516	16058666913.989614	8881607.842523	9368990.843830	3071705.816305	4175297.910345	5526276.650146	6183587.486240	5861443.722518
Overflow	NÃO	NÃO	NÃO	NÃO	NÃO	SIM	SIM	NÃO	NÃO	NÃO
Falha em N	-	-	-	-	-	27189	22470	-	-	-
