Algoritmo	n_máximo	Comparações_média	Cópias_média	Tempo_médio_ms
Bubble Sort	137430	538725169	538902291	1392.201695
Selection Sort	137430	538725169	29930	214.250592
Insertion Sort	137430	269466104	269466111	154.946726
Shell Sort	137430	518772	525276	1.567213
Heap Sort	137430	424178	443681	1.558379
Merge Sort	137430	216191	471373	1.381546
Quick Sort	137430	391915	110808	1.132888
